-- MySQL dump 10.13  Distrib 5.1.41, for debian-linux-gnu (i486)
--
-- Host: localhost    Database: bases
-- ------------------------------------------------------
-- Server version	5.1.41-3ubuntu12.10

/*!40101 SET @OLD_CHARACTER_SET_CLIENT=@@CHARACTER_SET_CLIENT */;
/*!40101 SET @OLD_CHARACTER_SET_RESULTS=@@CHARACTER_SET_RESULTS */;
/*!40101 SET @OLD_COLLATION_CONNECTION=@@COLLATION_CONNECTION */;
/*!40101 SET NAMES utf8 */;
/*!40103 SET @OLD_TIME_ZONE=@@TIME_ZONE */;
/*!40103 SET TIME_ZONE='+00:00' */;
/*!40014 SET @OLD_UNIQUE_CHECKS=@@UNIQUE_CHECKS, UNIQUE_CHECKS=0 */;
/*!40014 SET @OLD_FOREIGN_KEY_CHECKS=@@FOREIGN_KEY_CHECKS, FOREIGN_KEY_CHECKS=0 */;
/*!40101 SET @OLD_SQL_MODE=@@SQL_MODE, SQL_MODE='NO_AUTO_VALUE_ON_ZERO' */;
/*!40111 SET @OLD_SQL_NOTES=@@SQL_NOTES, SQL_NOTES=0 */;

--
-- Table structure for table `asignaciones_chofer`
--

DROP TABLE IF EXISTS `asignaciones_chofer`;
/*!40101 SET @saved_cs_client     = @@character_set_client */;
/*!40101 SET character_set_client = utf8 */;
CREATE TABLE `asignaciones_chofer` (
  `dni` varchar(10) NOT NULL,
  `id_viaje` int(11) NOT NULL,
  PRIMARY KEY (`dni`,`id_viaje`),
  KEY `viajes_asignacion_constraint` (`id_viaje`),
  CONSTRAINT `dni_asignacion_constraint` FOREIGN KEY (`dni`) REFERENCES `choferes` (`dni`) ON DELETE NO ACTION ON UPDATE NO ACTION,
  CONSTRAINT `viajes_asignacion_constraint` FOREIGN KEY (`id_viaje`) REFERENCES `viajes` (`id_viaje`) ON DELETE NO ACTION ON UPDATE NO ACTION
) ENGINE=InnoDB DEFAULT CHARSET=latin1;
/*!40101 SET character_set_client = @saved_cs_client */;

--
-- Dumping data for table `asignaciones_chofer`
--

LOCK TABLES `asignaciones_chofer` WRITE;
/*!40000 ALTER TABLE `asignaciones_chofer` DISABLE KEYS */;
INSERT INTO `asignaciones_chofer` VALUES ('29152731',1),('29152731',2);
/*!40000 ALTER TABLE `asignaciones_chofer` ENABLE KEYS */;
UNLOCK TABLES;

--
-- Table structure for table `choferes`
--

DROP TABLE IF EXISTS `choferes`;
/*!40101 SET @saved_cs_client     = @@character_set_client */;
/*!40101 SET character_set_client = utf8 */;
CREATE TABLE `choferes` (
  `dni` varchar(10) NOT NULL,
  `telefono` varchar(20) NOT NULL,
  `fecha_nacimiento` date NOT NULL,
  `domicilio` varchar(30) NOT NULL,
  `nombre` varchar(100) NOT NULL,
  `apellido` varchar(100) NOT NULL,
  PRIMARY KEY (`dni`)
) ENGINE=InnoDB DEFAULT CHARSET=latin1;
/*!40101 SET character_set_client = @saved_cs_client */;

--
-- Dumping data for table `choferes`
--

LOCK TABLES `choferes` WRITE;
/*!40000 ALTER TABLE `choferes` DISABLE KEYS */;
INSERT INTO `choferes` VALUES ('11236455','44444444','1980-05-05','Rincon 555','Bruce','Sterling'),('11263789','56666666','1980-01-01','Rincon 543','Gilbert Keith','Chesterton'),('23555555','76666666','1980-05-05','Rincon 222','William','Gibson'),('29152731','49420845','1981-06-11','Rincon 545','Fabian Sergio','Gonzalez'),('33222333','45555555','2000-04-11','Rincon 542','Juan Alberto','Badia');
/*!40000 ALTER TABLE `choferes` ENABLE KEYS */;
UNLOCK TABLES;

--
-- Table structure for table `ciudades`
--

DROP TABLE IF EXISTS `ciudades`;
/*!40101 SET @saved_cs_client     = @@character_set_client */;
/*!40101 SET character_set_client = utf8 */;
CREATE TABLE `ciudades` (
  `id_ciudad` int(11) NOT NULL,
  `nombre_ciudad` varchar(30) NOT NULL,
  PRIMARY KEY (`id_ciudad`)
) ENGINE=InnoDB DEFAULT CHARSET=latin1;
/*!40101 SET character_set_client = @saved_cs_client */;

--
-- Dumping data for table `ciudades`
--

LOCK TABLES `ciudades` WRITE;
/*!40000 ALTER TABLE `ciudades` DISABLE KEYS */;
INSERT INTO `ciudades` VALUES (1,'Buenos Aires'),(2,'La Plata'),(3,'Mendoza'),(4,'Mar del Plata'),(5,'Dolores'),(6,'Santiago del Estero');
/*!40000 ALTER TABLE `ciudades` ENABLE KEYS */;
UNLOCK TABLES;

--
-- Table structure for table `condiciones_climaticas`
--

DROP TABLE IF EXISTS `condiciones_climaticas`;
/*!40101 SET @saved_cs_client     = @@character_set_client */;
/*!40101 SET character_set_client = utf8 */;
CREATE TABLE `condiciones_climaticas` (
  `id_condicion_climatica` int(11) NOT NULL,
  `descripcion` varchar(100) NOT NULL,
  PRIMARY KEY (`id_condicion_climatica`)
) ENGINE=InnoDB DEFAULT CHARSET=latin1;
/*!40101 SET character_set_client = @saved_cs_client */;

--
-- Dumping data for table `condiciones_climaticas`
--

LOCK TABLES `condiciones_climaticas` WRITE;
/*!40000 ALTER TABLE `condiciones_climaticas` DISABLE KEYS */;
INSERT INTO `condiciones_climaticas` VALUES (1,'Granizo'),(2,'Nublado'),(3,'Frio y seco'),(4,'Lluvia'),(5,'Neblina'),(6,'Niebla');
/*!40000 ALTER TABLE `condiciones_climaticas` ENABLE KEYS */;
UNLOCK TABLES;

--
-- Table structure for table `licencias`
--

DROP TABLE IF EXISTS `licencias`;
/*!40101 SET @saved_cs_client     = @@character_set_client */;
/*!40101 SET character_set_client = utf8 */;
CREATE TABLE `licencias` (
  `nro_licencia` int(11) NOT NULL,
  `fecha_otorgamiento` date NOT NULL,
  `tipo` varchar(100) NOT NULL,
  `observaciones` varchar(100) NOT NULL,
  `fecha_renovacion` datetime NOT NULL,
  `dni_chofer` varchar(10) NOT NULL,
  `fecha_vencimiento` datetime NOT NULL,
  PRIMARY KEY (`nro_licencia`,`fecha_otorgamiento`,`tipo`),
  KEY `dnis_constraint` (`dni_chofer`),
  CONSTRAINT `dnis_constraint` FOREIGN KEY (`dni_chofer`) REFERENCES `choferes` (`dni`)
) ENGINE=InnoDB DEFAULT CHARSET=latin1;
/*!40101 SET character_set_client = @saved_cs_client */;

--
-- Dumping data for table `licencias`
--

LOCK TABLES `licencias` WRITE;
/*!40000 ALTER TABLE `licencias` DISABLE KEYS */;
INSERT INTO `licencias` VALUES (11236455,'2009-01-01','2','blablabla','2011-01-01 00:00:00','11236455','2020-05-05 00:00:00'),(29152731,'2010-01-01','2','blablabla','2011-01-01 00:00:00','29152731','2020-05-05 00:00:00'),(55555555,'2010-01-01','1','Observaciones','2011-01-01 00:00:00','29152731','2013-05-05 00:00:00');
/*!40000 ALTER TABLE `licencias` ENABLE KEYS */;
UNLOCK TABLES;

--
-- Table structure for table `marcas`
--

DROP TABLE IF EXISTS `marcas`;
/*!40101 SET @saved_cs_client     = @@character_set_client */;
/*!40101 SET character_set_client = utf8 */;
CREATE TABLE `marcas` (
  `id_marca` int(11) NOT NULL,
  `nombre` varchar(100) NOT NULL,
  PRIMARY KEY (`id_marca`)
) ENGINE=InnoDB DEFAULT CHARSET=latin1;
/*!40101 SET character_set_client = @saved_cs_client */;

--
-- Dumping data for table `marcas`
--

LOCK TABLES `marcas` WRITE;
/*!40000 ALTER TABLE `marcas` DISABLE KEYS */;
INSERT INTO `marcas` VALUES (1,'PEUGEOT'),(2,'RENAULT'),(3,'MERCEDES B'),(4,'CAMIONIN'),(5,'FIAT');
/*!40000 ALTER TABLE `marcas` ENABLE KEYS */;
UNLOCK TABLES;

--
-- Table structure for table `modelos`
--

DROP TABLE IF EXISTS `modelos`;
/*!40101 SET @saved_cs_client     = @@character_set_client */;
/*!40101 SET character_set_client = utf8 */;
CREATE TABLE `modelos` (
  `id_modelo` int(11) NOT NULL,
  `nombre` varchar(30) NOT NULL,
  `id_marca` int(11) NOT NULL,
  PRIMARY KEY (`id_modelo`,`id_marca`) USING BTREE,
  KEY `marca_fk_constraint` (`id_marca`),
  CONSTRAINT `marca_fk_constraint` FOREIGN KEY (`id_marca`) REFERENCES `marcas` (`id_marca`)
) ENGINE=InnoDB DEFAULT CHARSET=latin1;
/*!40101 SET character_set_client = @saved_cs_client */;

--
-- Dumping data for table `modelos`
--

LOCK TABLES `modelos` WRITE;
/*!40000 ALTER TABLE `modelos` DISABLE KEYS */;
INSERT INTO `modelos` VALUES (1,'505',1),(1,'modelo ultraliviano',2),(1,'modelo super',3),(1,'modelin',4),(1,'unico modelo',5),(2,'504',1),(2,'modelo alternativo',2),(2,'modeo super',3),(3,'modelo tri',2);
/*!40000 ALTER TABLE `modelos` ENABLE KEYS */;
UNLOCK TABLES;

--
-- Table structure for table `periodos_ano`
--

DROP TABLE IF EXISTS `periodos_ano`;
/*!40101 SET @saved_cs_client     = @@character_set_client */;
/*!40101 SET character_set_client = utf8 */;
CREATE TABLE `periodos_ano` (
  `id_periodo_ano` int(11) NOT NULL,
  `descripcion` varchar(100) NOT NULL,
  PRIMARY KEY (`id_periodo_ano`) USING BTREE
) ENGINE=InnoDB DEFAULT CHARSET=latin1;
/*!40101 SET character_set_client = @saved_cs_client */;

--
-- Dumping data for table `periodos_ano`
--

LOCK TABLES `periodos_ano` WRITE;
/*!40000 ALTER TABLE `periodos_ano` DISABLE KEYS */;
INSERT INTO `periodos_ano` VALUES (1,'otoño'),(2,'invierno'),(3,'primavera'),(4,'verano');
/*!40000 ALTER TABLE `periodos_ano` ENABLE KEYS */;
UNLOCK TABLES;

--
-- Table structure for table `recorridos`
--

DROP TABLE IF EXISTS `recorridos`;
/*!40101 SET @saved_cs_client     = @@character_set_client */;
/*!40101 SET character_set_client = utf8 */;
CREATE TABLE `recorridos` (
  `id_recorrido` int(11) NOT NULL,
  `id_ciudad_origen` int(11) NOT NULL,
  `id_ciudad_destino` int(11) NOT NULL,
  `direccion_origen` varchar(100) NOT NULL,
  `direccion_destino` varchar(100) NOT NULL,
  PRIMARY KEY (`id_recorrido`),
  KEY `ciudad_origen_constraint` (`id_ciudad_origen`),
  KEY `ciudad_destino_constraint` (`id_ciudad_destino`),
  CONSTRAINT `ciudad_destino_constraint` FOREIGN KEY (`id_ciudad_destino`) REFERENCES `ciudades` (`id_ciudad`),
  CONSTRAINT `ciudad_origen_constraint` FOREIGN KEY (`id_ciudad_origen`) REFERENCES `ciudades` (`id_ciudad`) ON DELETE NO ACTION ON UPDATE NO ACTION
) ENGINE=InnoDB DEFAULT CHARSET=latin1;
/*!40101 SET character_set_client = @saved_cs_client */;

--
-- Dumping data for table `recorridos`
--

LOCK TABLES `recorridos` WRITE;
/*!40000 ALTER TABLE `recorridos` DISABLE KEYS */;
INSERT INTO `recorridos` VALUES (1,1,2,'Rincon 545','Calle 4 45'),(2,1,3,'Sarandi 444','Libertador 2003'),(3,1,4,'Sarandi 333','Libertador 2222'),(4,1,5,'Sarandi 222','Calle 5 55');
/*!40000 ALTER TABLE `recorridos` ENABLE KEYS */;
UNLOCK TABLES;

--
-- Table structure for table `rutas`
--

DROP TABLE IF EXISTS `rutas`;
/*!40101 SET @saved_cs_client     = @@character_set_client */;
/*!40101 SET character_set_client = utf8 */;
CREATE TABLE `rutas` (
  `id_ruta` int(11) NOT NULL,
  `id_recorrido` int(11) NOT NULL,
  `longitud` int(11) NOT NULL,
  `tiempo_estimado` int(11) NOT NULL,
  `cantidad_peajes` int(11) NOT NULL,
  `descripcion` varchar(100) NOT NULL,
  PRIMARY KEY (`id_ruta`,`id_recorrido`) USING BTREE,
  KEY `recorrido_constraint` (`id_recorrido`),
  CONSTRAINT `recorrido_constraint` FOREIGN KEY (`id_recorrido`) REFERENCES `recorridos` (`id_recorrido`) ON DELETE NO ACTION ON UPDATE NO ACTION
) ENGINE=InnoDB DEFAULT CHARSET=latin1;
/*!40101 SET character_set_client = @saved_cs_client */;

--
-- Dumping data for table `rutas`
--

LOCK TABLES `rutas` WRITE;
/*!40000 ALTER TABLE `rutas` DISABLE KEYS */;
INSERT INTO `rutas` VALUES (1,1,23,24,5,'blablabla'),(1,2,25,4,6,'blablabla'),(1,3,25,4,6,'blablabla'),(1,4,25,4,6,'blablabla'),(2,1,25,4,6,'blabla'),(2,2,25,4,6,'blablabla'),(2,4,25,4,6,'blablabla'),(3,4,25,4,6,'blablabla');
/*!40000 ALTER TABLE `rutas` ENABLE KEYS */;
UNLOCK TABLES;

--
-- Table structure for table `situaciones_climaticas`
--

DROP TABLE IF EXISTS `situaciones_climaticas`;
/*!40101 SET @saved_cs_client     = @@character_set_client */;
/*!40101 SET character_set_client = utf8 */;
CREATE TABLE `situaciones_climaticas` (
  `id_ruta` int(11) NOT NULL,
  `id_condicion_climatica` int(11) NOT NULL,
  `id_periodo_ano` int(11) NOT NULL,
  PRIMARY KEY (`id_ruta`,`id_condicion_climatica`,`id_periodo_ano`) USING BTREE,
  KEY `condicion_climatica_constraint` (`id_condicion_climatica`),
  CONSTRAINT `condicion_climatica_constraint` FOREIGN KEY (`id_condicion_climatica`) REFERENCES `condiciones_climaticas` (`id_condicion_climatica`),
  CONSTRAINT `id_ruta_constraint` FOREIGN KEY (`id_ruta`) REFERENCES `rutas` (`id_ruta`)
) ENGINE=InnoDB DEFAULT CHARSET=latin1;
/*!40101 SET character_set_client = @saved_cs_client */;

--
-- Dumping data for table `situaciones_climaticas`
--

LOCK TABLES `situaciones_climaticas` WRITE;
/*!40000 ALTER TABLE `situaciones_climaticas` DISABLE KEYS */;
INSERT INTO `situaciones_climaticas` VALUES (1,1,1),(1,1,2);
/*!40000 ALTER TABLE `situaciones_climaticas` ENABLE KEYS */;
UNLOCK TABLES;

--
-- Table structure for table `test`
--

DROP TABLE IF EXISTS `test`;
/*!40101 SET @saved_cs_client     = @@character_set_client */;
/*!40101 SET character_set_client = utf8 */;
CREATE TABLE `test` (
  `id_tipo_test` int(11) NOT NULL,
  `dni` varchar(10) NOT NULL,
  `id_viaje` int(11) NOT NULL,
  `resultado` varchar(100) NOT NULL,
  `fecha_realizacion` datetime NOT NULL,
  PRIMARY KEY (`id_tipo_test`,`dni`,`id_viaje`),
  KEY `viaje_test_constraint` (`id_viaje`),
  KEY `dni_test_constraint` (`dni`),
  CONSTRAINT `dni_test_constraint` FOREIGN KEY (`dni`) REFERENCES `choferes` (`dni`) ON DELETE NO ACTION ON UPDATE NO ACTION,
  CONSTRAINT `tipo_test_constraint` FOREIGN KEY (`id_tipo_test`) REFERENCES `tipo_test` (`id_tipo_test`) ON DELETE NO ACTION ON UPDATE NO ACTION,
  CONSTRAINT `viaje_test_constraint` FOREIGN KEY (`id_viaje`) REFERENCES `viajes` (`id_viaje`) ON DELETE NO ACTION ON UPDATE NO ACTION
) ENGINE=InnoDB DEFAULT CHARSET=latin1;
/*!40101 SET character_set_client = @saved_cs_client */;

--
-- Dumping data for table `test`
--

LOCK TABLES `test` WRITE;
/*!40000 ALTER TABLE `test` DISABLE KEYS */;
/*!40000 ALTER TABLE `test` ENABLE KEYS */;
UNLOCK TABLES;

--
-- Table structure for table `tipo_test`
--

DROP TABLE IF EXISTS `tipo_test`;
/*!40101 SET @saved_cs_client     = @@character_set_client */;
/*!40101 SET character_set_client = utf8 */;
CREATE TABLE `tipo_test` (
  `id_tipo_test` int(11) NOT NULL,
  `descripcion` varchar(100) NOT NULL,
  PRIMARY KEY (`id_tipo_test`)
) ENGINE=InnoDB DEFAULT CHARSET=latin1;
/*!40101 SET character_set_client = @saved_cs_client */;

--
-- Dumping data for table `tipo_test`
--

LOCK TABLES `tipo_test` WRITE;
/*!40000 ALTER TABLE `tipo_test` DISABLE KEYS */;
/*!40000 ALTER TABLE `tipo_test` ENABLE KEYS */;
UNLOCK TABLES;

--
-- Table structure for table `vehiculos`
--

DROP TABLE IF EXISTS `vehiculos`;
/*!40101 SET @saved_cs_client     = @@character_set_client */;
/*!40101 SET character_set_client = utf8 */;
CREATE TABLE `vehiculos` (
  `patente` varchar(10) NOT NULL,
  `ano` int(11) NOT NULL,
  `situacion` tinyint(1) NOT NULL,
  `id_modelo` int(11) NOT NULL,
  `id_marca` int(11) NOT NULL,
  `fecha_inicio_servicio` datetime NOT NULL,
  PRIMARY KEY (`patente`),
  KEY `veh_modelo_constraint` (`id_modelo`,`id_marca`),
  CONSTRAINT `veh_modelo_constraint` FOREIGN KEY (`id_modelo`, `id_marca`) REFERENCES `modelos` (`id_modelo`, `id_marca`)
) ENGINE=InnoDB DEFAULT CHARSET=latin1 ROW_FORMAT=DYNAMIC;
/*!40101 SET character_set_client = @saved_cs_client */;

--
-- Dumping data for table `vehiculos`
--

LOCK TABLES `vehiculos` WRITE;
/*!40000 ALTER TABLE `vehiculos` DISABLE KEYS */;
INSERT INTO `vehiculos` VALUES ('aaa-333',1999,1,1,1,'2010-03-03 00:00:00'),('AAA-444',2000,1,1,1,'2011-05-05 00:00:00');
/*!40000 ALTER TABLE `vehiculos` ENABLE KEYS */;
UNLOCK TABLES;

--
-- Table structure for table `vehiculos_en_reparacion`
--

DROP TABLE IF EXISTS `vehiculos_en_reparacion`;
/*!40101 SET @saved_cs_client     = @@character_set_client */;
/*!40101 SET character_set_client = utf8 */;
CREATE TABLE `vehiculos_en_reparacion` (
  `patente` varchar(10) NOT NULL,
  `fecha_ingreso_taller` datetime NOT NULL,
  PRIMARY KEY (`patente`),
  CONSTRAINT `patenet_fk_constraint` FOREIGN KEY (`patente`) REFERENCES `vehiculos` (`patente`) ON DELETE CASCADE ON UPDATE CASCADE
) ENGINE=InnoDB DEFAULT CHARSET=latin1;
/*!40101 SET character_set_client = @saved_cs_client */;

--
-- Dumping data for table `vehiculos_en_reparacion`
--

LOCK TABLES `vehiculos_en_reparacion` WRITE;
/*!40000 ALTER TABLE `vehiculos_en_reparacion` DISABLE KEYS */;
/*!40000 ALTER TABLE `vehiculos_en_reparacion` ENABLE KEYS */;
UNLOCK TABLES;

--
-- Table structure for table `vehiculos_en_uso`
--

DROP TABLE IF EXISTS `vehiculos_en_uso`;
/*!40101 SET @saved_cs_client     = @@character_set_client */;
/*!40101 SET character_set_client = utf8 */;
CREATE TABLE `vehiculos_en_uso` (
  `patente` varchar(10) NOT NULL,
  PRIMARY KEY (`patente`),
  CONSTRAINT `patente_key` FOREIGN KEY (`patente`) REFERENCES `vehiculos` (`patente`) ON DELETE CASCADE ON UPDATE CASCADE
) ENGINE=InnoDB DEFAULT CHARSET=latin1;
/*!40101 SET character_set_client = @saved_cs_client */;

--
-- Dumping data for table `vehiculos_en_uso`
--

LOCK TABLES `vehiculos_en_uso` WRITE;
/*!40000 ALTER TABLE `vehiculos_en_uso` DISABLE KEYS */;
INSERT INTO `vehiculos_en_uso` VALUES ('aaa-333'),('AAA-444');
/*!40000 ALTER TABLE `vehiculos_en_uso` ENABLE KEYS */;
UNLOCK TABLES;

--
-- Table structure for table `viajes`
--

DROP TABLE IF EXISTS `viajes`;
/*!40101 SET @saved_cs_client     = @@character_set_client */;
/*!40101 SET character_set_client = utf8 */;
CREATE TABLE `viajes` (
  `id_viaje` int(11) NOT NULL,
  `id_vehiculo` varchar(10) NOT NULL,
  `contingencias` varchar(300) NOT NULL,
  `fecha_hora_partida` datetime NOT NULL,
  `id_recorrido` int(11) NOT NULL,
  `fecha_hora_llegada_estimada` datetime NOT NULL,
  PRIMARY KEY (`id_viaje`),
  KEY `new_fk_constraint` (`id_vehiculo`),
  KEY `recorridos_constraint` (`id_recorrido`),
  CONSTRAINT `new_fk_constraint` FOREIGN KEY (`id_vehiculo`) REFERENCES `vehiculos` (`patente`),
  CONSTRAINT `recorridos_constraint` FOREIGN KEY (`id_recorrido`) REFERENCES `recorridos` (`id_recorrido`) ON DELETE NO ACTION ON UPDATE NO ACTION
) ENGINE=InnoDB DEFAULT CHARSET=latin1;
/*!40101 SET character_set_client = @saved_cs_client */;

--
-- Dumping data for table `viajes`
--

LOCK TABLES `viajes` WRITE;
/*!40000 ALTER TABLE `viajes` DISABLE KEYS */;
INSERT INTO `viajes` VALUES (1,'AAA-333','BLABLABLA','2011-03-03 00:00:00',1,'2011-03-03 05:00:00'),(2,'AAA-444','BLABLABLA','2011-03-03 00:00:00',2,'2011-03-03 05:00:00'),(3,'AAA-333','BLABLABLA','2011-03-03 00:00:00',3,'2011-03-03 05:00:00'),(4,'AAA-444','BLABLABLA','2011-04-04 00:00:00',4,'2011-03-03 05:00:00'),(5,'AAA-333','BLABLABLA','2011-03-03 00:00:00',1,'2011-03-03 06:00:00'),(6,'AAA-333','BLABLABLA','2011-03-03 00:00:00',1,'2011-03-03 06:00:00'),(7,'AAA-333','blablabla','2011-03-03 00:00:00',2,'2011-03-03 06:00:00'),(8,'AAA-333','blablabla','2011-03-03 00:00:00',2,'2011-03-03 06:00:00'),(9,'AAA-333','blablabla','2011-03-03 00:00:00',3,'2011-03-03 06:00:00'),(10,'AAA-333','blablabla','2011-03-03 00:00:00',3,'2011-03-03 06:00:00'),(11,'AAA-444','blablabla','2011-03-03 00:00:00',4,'2011-03-03 06:00:00'),(12,'AAA-333','blablabla','2011-03-03 00:00:00',4,'2011-03-03 06:00:00');
/*!40000 ALTER TABLE `viajes` ENABLE KEYS */;
UNLOCK TABLES;

--
-- Table structure for table `viajes_realizados`
--

DROP TABLE IF EXISTS `viajes_realizados`;
/*!40101 SET @saved_cs_client     = @@character_set_client */;
/*!40101 SET character_set_client = utf8 */;
CREATE TABLE `viajes_realizados` (
  `id_viaje` int(11) NOT NULL,
  `fecha_hora_llegada` datetime NOT NULL,
  `id_ruta` int(11) NOT NULL,
  PRIMARY KEY (`id_viaje`),
  KEY `rutas_constraint` (`id_ruta`),
  CONSTRAINT `rutas_constraint` FOREIGN KEY (`id_ruta`) REFERENCES `rutas` (`id_ruta`),
  CONSTRAINT `viajes_realizados_constraint` FOREIGN KEY (`id_viaje`) REFERENCES `viajes` (`id_viaje`)
) ENGINE=InnoDB DEFAULT CHARSET=latin1;
/*!40101 SET character_set_client = @saved_cs_client */;

--
-- Dumping data for table `viajes_realizados`
--

LOCK TABLES `viajes_realizados` WRITE;
/*!40000 ALTER TABLE `viajes_realizados` DISABLE KEYS */;
INSERT INTO `viajes_realizados` VALUES (1,'2011-04-03 08:00:00',1),(2,'2011-04-03 08:00:00',1),(3,'2011-03-03 08:00:00',1),(4,'2011-03-03 08:00:00',1),(5,'2011-03-03 08:00:00',1),(6,'2011-03-03 08:00:00',2),(7,'2011-03-03 08:00:00',1),(8,'2011-03-03 08:00:00',1),(9,'2011-03-03 08:00:00',1),(10,'2011-03-03 08:00:00',1),(11,'2011-03-03 08:00:00',1),(12,'2011-03-03 08:00:00',1);
/*!40000 ALTER TABLE `viajes_realizados` ENABLE KEYS */;
UNLOCK TABLES;
/*!40103 SET TIME_ZONE=@OLD_TIME_ZONE */;

/*!40101 SET SQL_MODE=@OLD_SQL_MODE */;
/*!40014 SET FOREIGN_KEY_CHECKS=@OLD_FOREIGN_KEY_CHECKS */;
/*!40014 SET UNIQUE_CHECKS=@OLD_UNIQUE_CHECKS */;
/*!40101 SET CHARACTER_SET_CLIENT=@OLD_CHARACTER_SET_CLIENT */;
/*!40101 SET CHARACTER_SET_RESULTS=@OLD_CHARACTER_SET_RESULTS */;
/*!40101 SET COLLATION_CONNECTION=@OLD_COLLATION_CONNECTION */;
/*!40111 SET SQL_NOTES=@OLD_SQL_NOTES */;

-- Dump completed on 2011-09-16  0:24:41
